"age [Binned]","Mean(chol)","Mean(trestbps)","Mean(thalch)","Sum(male)","Sum(female)"
"28,38",222.66037735849062,124.11320754716982,161.47169811320754,39,14
"38,48",231.12359550561783,127.73033707865167,146.71348314606738,134,44
"48,58",222.9121621621622,132.70608108108112,136.6486486486487,228,68
"58,68",207.08510638297867,138.96276595744678,130.78723404255325,147,41
"68,77",199.60000000000002,139.83333333333334,123.66666666666669,23,7
